<?xml version="1.0" encoding="utf-8"?>
<resources>
        <color name="BackgroundCardColor">#111111</color>
    <color name="BackgroundColor">#1b1b1b</color>
    <color name="black">#000000</color>
    <color name="cardview_dark_background">#ff424242</color>
    <color name="cardview_light_background">#ffffffff</color>
    <color name="cardview_shadow_end_color">#03000000</color>
    <color name="cardview_shadow_start_color">#37000000</color>
    <color name="mainColor">#ffb000</color>
    <color name="notification_icon_bg_color">#ff9e9e9e</color>
    <color name="white">#ececec</color>

<!--    <color name="white">#ffffffff</color>-->
</resources>
