<?xml version="1.0" encoding="utf-8"?><!--<resources>-->


<resources>

    <style name="AppTheme.AdAttribution">
        <item name="android:layout_width">wrap_content</item>
        <item name="android:layout_height">wrap_content</item>
        <item name="android:layout_gravity">left</item>
        <item name="android:textColor">@color/white</item>
        <item name="android:textSize">12sp</item>
        <item name="android:text">@string/ad_attribution</item>
        <item name="android:background">#FFCC66</item>

    <item name="android:paddingStart">2dp</item>
        <item name="android:paddingEnd">2dp</item>
        <!--         <item name="android:paddingTop">3dp</item>
             <item name="android:paddingBottom">3dp</item>-->
    </style>

    <style name="AppTheme" >
        <item name="android:navigationBarColor">@color/BackgroundColor</item>
        <item name="colorAccent">@color/mainColor</item>
        <item name="colorPrimary">@color/mainColor</item>
        <item name="colorPrimaryDark">@color/BackgroundColor</item>
    </style>



    <string name="ad_attribution">Ad</string>
</resources>

